{
  "train_loss": [
    2.9766597747802734
  ],
  "val_loss": [
    2.3769707679748535
  ],
  "val_token_acc": [
    0.061452513966480445
  ],
  "val_entity_f1": [
    0.025477707006369428
  ]
}